Workbook

Sheet 填写说明
A1: 青韵智控｜测试基本信息
A4: 模块 | B4: 配置 | C4: 数量 | D4: 单位 | E4: 输出频率(Hz) | F4: 时长(min) | G4: 记录量 | H4: 量纲/通道
A5: 控制板 | B5: ESP32-S3-DevKitC-1 N8R8 | C5: 1 | D5: 块 | E5: 1 | F5: 480 | G5: 28777 | H5: JSONL-v0.3
A6: 模拟气敏 | B6: TGS2600 / TGS2602 / TGS2603 | C6: 3 | D6: 路 | E6: 1 | F6: 480 | G6: 28777 | H6: ADC引脚电压 / V
A7: 数字气敏 | B7: BME688 | C7: 1 | D7: 路 | E7: 1 | F7: 480 | G7: 28777 | H7: 气体电阻 / Ω
A8: 温湿度 | B8: SHT31：0x44 / 0x45 | C8: 2 | D8: 个 | E8: 1 | F8: 150 | G8: 8994 | H8: ℃ / %RH
A9: 称重 | B9: HX711 A通道，增益128 | C9: 1 | D9: 路 | E9: 1 | F9: 480 | G9: 28777 | H9: g；5 kg输入范围
A10: 叶温 | B10: MLX90614 | C10: 1 | D10: 路 | E10: 1 | F10: 480 | G10: 28777 | H10: ℃
A11: 预留通道 | B11: ADS1115 A3 | C11: 0 | D11: 启用路 | E11: 0 | F11: 0 | G11: 0 | H11: 禁用
A13: 样品 | B13: 凤凰单丛静置 | C13: 4000 | D13: g | E13: 270 | F13: 采样周期(s) | G13: 5 | H13: 重复次数

Sheet 电子鼻_处理结果
A1: 电子鼻 / VOC 处理后结果
A4: 通道 | B4: 传感器型号/编号 | C4: 基线均值 V0 | D4: 基线SD | E4: 响应峰值/稳态值 V | F4: 归一化响应 | G4: 响应幅度% | H4: 重复1 | I4: 重复2 | J4: 重复3 | K4: 重复4 | L4: 重复5 | M4: 重复均值 | N4: 重复SD | O4: CV% | P4: 响应时间(s) | R4: 整机电子鼻摘要 | S4: 填写/计算值
A5: 1 | B5: TGS2600 / V | C5: 0.72366 | D5: 0.010101437 | E5: 1.211145 | F5: =(E5-C5)/C5 -> 0.67363817 | G5: =ABS(F5)*100 -> 67.363817 | H5: 0.59769017 | I5: 0.73759522 | J5: 0.64668396 | K5: 0.70674036 | L5: 0.67970257 | M5: =AVERAGE(H5:L5) -> 0.67368246 | N5: =_xlfn.STDEV.S(H5:L5) -> 0.054124056 | O5: =N5/ABS(M5)*100 -> 8.0340605 | P5: 58.6 | R5: 预热时间(min) | S5: —
A6: 2 | B6: TGS2602 / V | C6: 0.9284375 | D6: 0.0073257692 | E6: 1.2920325 | F6: =(E6-C6)/C6 -> 0.39162033 | G6: =ABS(F6)*100 -> 39.162033 | H6: 0.37310734 | I6: 0.37979807 | J6: 0.4061735 | K6: 0.39207896 | L6: 0.40686168 | M6: =AVERAGE(H6:L6) -> 0.39160391 | N6: =_xlfn.STDEV.S(H6:L6) -> 0.015221689 | O6: =N6/ABS(M6)*100 -> 3.8870116 | P6: 78.6 | R6: 单次响应时间(s) | S6: 120
A7: 3 | B7: TGS2603 / V | C7: 1.0996333 | D7: 0.014313409 | E7: 1.6799575 | F7: =(E7-C7)/C7 -> 0.52774334 | G7: =ABS(F7)*100 -> 52.774334 | H7: 0.52253529 | I7: 0.49124162 | J7: 0.5515428 | K7: 0.52406978 | L7: 0.54874789 | M7: =AVERAGE(H7:L7) -> 0.52762748 | N7: =_xlfn.STDEV.S(H7:L7) -> 0.024395353 | O7: =N7/ABS(M7)*100 -> 4.6235941 | P7: 80.6 | R7: 清洗/恢复时间(s) | S7: 120
A8: 4 | B8: BME688 / Ω | C8: 85921.706 | D8: 928.0372 | E8: 48906.685 | F8: =(E8-C8)/C8 -> -0.43079942 | G8: =ABS(F8)*100 -> 43.079942 | H8: -0.46468276 | I8: -0.4502968 | J8: -0.4116161 | K8: -0.44954274 | L8: -0.37846131 | M8: =AVERAGE(H8:L8) -> -0.43091994 | N8: =_xlfn.STDEV.S(H8:L8) -> 0.035308447 | O8: =N8/ABS(M8)*100 -> 8.1937372 | P8: 97.4 | R8: 有效通道数 | S8: 4
R9: 最大CV% | S9: =MAX(O5:O8) -> 8.1937372
R10: 基线漂移% | S10: 3.7305138

Sheet SHT31_处理结果
A1: SHT31 温湿度连续采集——处理后结果
A4: 测试编号 | B4: 传感器编号 | C4: 时长(min) | D4: 采样频率(Hz) | E4: 理论采样数 | F4: 实际采样数 | G4: 完整率% | H4: 温度均值(℃) | I4: 温度最小 | J4: 温度最大 | K4: 温度SD | L4: 参考温度(℃) | M4: 温度误差(℃) | N4: 湿度均值(%RH) | O4: 湿度SD | P4: 参考湿度(%RH) | Q4: 湿度误差(%RH) | S4: 指标 | T4: 结果 | V4: 是否达标
A5: TH1-A | B5: 环境SHT31-0x44 | C5: 30 | D5: 1 | E5: =C5*60*D5 -> 1800 | F5: 1795 | G5: =F5/E5*100 -> 99.722222 | H5: 24.454897 | I5: 24.22 | J5: 24.68 | K5: 0.07765105 | L5: 24.271723 | M5: =ABS(H5-L5) -> 0.18317437 | N5: 70.022652 | O5: 0.34708483 | P5: 69.283667 | Q5: =ABS(N5-P5) -> 0.73898436 | S5: 最低数据完整率% | T5: =MIN(G5:G14) -> 99.722222 | V5: =IF(T5="","",IF(T5>99,"达标","复查")) -> 达标
A6: TH1-C | B6: 采样腔SHT31-0x45 | C6: 30 | D6: 1 | E6: =C6*60*D6 -> 1800 | F6: 1795 | G6: =F6/E6*100 -> 99.722222 | H6: 24.842396 | I6: 24.48 | J6: 25.17 | K6: 0.14535372 | L6: 25.009701 | M6: =ABS(H6-L6) -> 0.16730577 | N6: 79.482568 | O6: 0.22287378 | P6: 80.988296 | Q6: =ABS(N6-P6) -> 1.5057278 | S6: 最大温度误差(℃) | T6: =MAX(M5:M14) -> 0.19741968 | V6: =IF(T6="","",IF(T6<0.5,"达标","复查")) -> 达标
A7: TH2-A | B7: 环境SHT31-0x44 | C7: 30 | D7: 1 | E7: =C7*60*D7 -> 1800 | F7: 1800 | G7: =F7/E7*100 -> 100 | H7: 24.634372 | I7: 24.42 | J7: 24.85 | K7: 0.065729289 | L7: 24.450398 | M7: =ABS(H7-L7) -> 0.18397472 | N7: 70.762306 | O7: 0.21694366 | P7: 70.007716 | Q7: =ABS(N7-P7) -> 0.75458942 | S7: 最大湿度误差(%RH) | T7: =MAX(Q5:Q14) -> 1.5057278 | V7: =IF(T7="","",IF(T7<3,"达标","复查")) -> 达标
A8: TH2-C | B8: 采样腔SHT31-0x45 | C8: 30 | D8: 1 | E8: =C8*60*D8 -> 1800 | F8: 1800 | G8: =F8/E8*100 -> 100 | H8: 25.260156 | I8: 24.94 | J8: 25.55 | K8: 0.11521003 | L8: 25.422538 | M8: =ABS(H8-L8) -> 0.16238283 | N8: 79.656806 | O8: 0.18418477 | P8: 81.144281 | Q8: =ABS(N8-P8) -> 1.4874752 | S8: 连续运行时长(min) | T8: 30 | V8: =IF(T8="","",IF(T8>=30,"达标","复查")) -> 达标
A9: TH3-A | B9: 环境SHT31-0x44 | C9: 30 | D9: 1 | E9: =C9*60*D9 -> 1800 | F9: 1799 | G9: =F9/E9*100 -> 99.944444 | H9: 24.742579 | I9: 24.57 | J9: 24.93 | K9: 0.052460232 | L9: 24.551521 | M9: =ABS(H9-L9) -> 0.19105782 | N9: 70.803224 | O9: 0.20889255 | P9: 70.030706 | Q9: =ABS(N9-P9) -> 0.77251765
A10: TH3-C | B10: 采样腔SHT31-0x45 | C10: 30 | D10: 1 | E10: =C10*60*D10 -> 1800 | F10: 1799 | G10: =F10/E10*100 -> 99.944444 | H10: 25.549694 | I10: 25.3 | J10: 25.79 | K10: 0.081199064 | L10: 25.708714 | M10: =ABS(H10-L10) -> 0.15901981 | N10: 79.155192 | O10: 0.31582942 | P10: 80.621526 | Q10: =ABS(N10-P10) -> 1.4663343
A11: TH4-A | B11: 环境SHT31-0x44 | C11: 30 | D11: 1 | E11: =C11*60*D11 -> 1800 | F11: 1800 | G11: =F11/E11*100 -> 100 | H11: 24.744767 | I11: 24.57 | J11: 24.92 | K11: 0.052691336 | L11: 24.552747 | M11: =ABS(H11-L11) -> 0.19202005 | N11: 70.1188 | O11: 0.34106136 | P11: 69.329801 | Q11: =ABS(N11-P11) -> 0.78899853
A12: TH4-C | B12: 采样腔SHT31-0x45 | C12: 30 | D12: 1 | E12: =C12*60*D12 -> 1800 | F12: 1800 | G12: =F12/E12*100 -> 100 | H12: 25.696978 | I12: 25.52 | J12: 25.87 | K12: 0.057246233 | L12: 25.850321 | M12: =ABS(H12-L12) -> 0.15334346 | N12: 77.962911 | O12: 0.47332522 | P12: 79.40539 | Q12: =ABS(N12-P12) -> 1.4424793
A13: TH5-A | B13: 环境SHT31-0x44 | C13: 30 | D13: 1 | E13: =C13*60*D13 -> 1800 | F13: 1800 | G13: =F13/E13*100 -> 100 | H13: 24.646894 | I13: 24.45 | J13: 24.84 | K13: 0.063664018 | L13: 24.449475 | M13: =ABS(H13-L13) -> 0.19741968 | N13: 68.986083 | O13: 0.40020401 | P13: 68.176833 | Q13: =ABS(N13-P13) -> 0.80925065
A14: TH5-C | B14: 采样腔SHT31-0x45 | C14: 30 | D14: 1 | E14: =C14*60*D14 -> 1800 | F14: 1800 | G14: =F14/E14*100 -> 100 | H14: 25.713594 | I14: 25.52 | J14: 25.88 | K14: 0.0524722 | L14: 25.858803 | M14: =ABS(H14-L14) -> 0.14520828 | N14: 76.346089 | O14: 0.52562246 | P14: 77.756791 | Q14: =ABS(N14-P14) -> 1.4107025

Sheet HX711_标定结果
A1: HX711 + 称重传感器——多点标定与重复性
A4: 标准质量(g) | B4: 实测1 | C4: 实测2 | D4: 实测3 | E4: 实测4 | F4: 实测5 | G4: 平均实测(g) | H4: 绝对误差(g) | I4: 相对误差% | J4: SD(g) | K4: CV% | L4: 最大-最小(g) | M4: 备注 | O4: 指标 | P4: 结果 | R4: 判定
A5: 500 | B5: 501.25 | C5: 500.27 | D5: 500.3 | E5: 502.56 | F5: 502.02 | G5: =AVERAGE(B5:F5) -> 501.28 | H5: =ABS(G5-A5) -> 1.28 | I5: =H5/A5*100 -> 0.256 | J5: =_xlfn.STDEV.S(B5:F5) -> 1.0207105 | K5: =J5/ABS(G5)*100 -> 0.20362084 | L5: =MAX(B5:F5)-MIN(B5:F5) -> 2.29 | O5: 平均相对误差% | P5: =AVERAGE(I5:I14) -> 0.1617781 | R5: =IF(P5="","",IF(P5<1,"很好",IF(P5<2,"可接受","建议复查"))) -> 很好
A6: 1000 | B6: 1003.69 | C6: 1001.52 | D6: 1002.76 | E6: 1002.98 | F6: 1003.32 | G6: =AVERAGE(B6:F6) -> 1002.854 | H6: =ABS(G6-A6) -> 2.854 | I6: =H6/A6*100 -> 0.2854 | J6: =_xlfn.STDEV.S(B6:F6) -> 0.82466963 | K6: =J6/ABS(G6)*100 -> 0.082232272 | L6: =MAX(B6:F6)-MIN(B6:F6) -> 2.17 | O6: 最大相对误差% | P6: =MAX(I5:I14) -> 0.2854 | R6: =IF(P6="","",IF(P6<2,"达标","复查")) -> 达标
A7: 1500 | B7: 1501.99 | C7: 1503.45 | D7: 1501.79 | E7: 1502.86 | F7: 1501.74 | G7: =AVERAGE(B7:F7) -> 1502.366 | H7: =ABS(G7-A7) -> 2.366 | I7: =H7/A7*100 -> 0.15773333 | J7: =_xlfn.STDEV.S(B7:F7) -> 0.75566527 | K7: =J7/ABS(G7)*100 -> 0.050298347 | L7: =MAX(B7:F7)-MIN(B7:F7) -> 1.71 | O7: 最大CV% | P7: =MAX(K5:K14) -> 0.20362084 | R7: =IF(P7="","",IF(P7<2,"达标","复查")) -> 达标
A8: 2000 | B8: 2005.5 | C8: 2004.11 | D8: 2004.11 | E8: 2000.58 | F8: 2004.49 | G8: =AVERAGE(B8:F8) -> 2003.758 | H8: =ABS(G8-A8) -> 3.758 | I8: =H8/A8*100 -> 0.1879 | J8: =_xlfn.STDEV.S(B8:F8) -> 1.8653338 | K8: =J8/ABS(G8)*100 -> 0.093091768 | L8: =MAX(B8:F8)-MIN(B8:F8) -> 4.92 | O8: 线性R² | P8: =RSQ(G5:G14,A5:A14) -> 0.99999986 | R8: =IF(P8="","",IF(P8>0.995,"达标","复查")) -> 达标
A9: 2500 | B9: 2503.94 | C9: 2503.71 | D9: 2504.17 | E9: 2502.2 | F9: 2504.55 | G9: =AVERAGE(B9:F9) -> 2503.714 | H9: =ABS(G9-A9) -> 3.714 | I9: =H9/A9*100 -> 0.14856 | J9: =_xlfn.STDEV.S(B9:F9) -> 0.90140446 | K9: =J9/ABS(G9)*100 -> 0.036002693 | L9: =MAX(B9:F9)-MIN(B9:F9) -> 2.35 | O9: 最小可稳定分辨变化(g) | P9: — | R9: —
A10: 3000 | B10: 3003.8 | C10: 3006.65 | D10: 3003.83 | E10: 3003.79 | F10: 3002.59 | G10: =AVERAGE(B10:F10) -> 3004.132 | H10: =ABS(G10-A10) -> 4.132 | I10: =H10/A10*100 -> 0.13773333 | J10: =_xlfn.STDEV.S(B10:F10) -> 1.5030369 | K10: =J10/ABS(G10)*100 -> 0.05003232 | L10: =MAX(B10:F10)-MIN(B10:F10) -> 4.06
A11: 3500 | B11: 3506.06 | C11: 3504.23 | D11: 3505.97 | E11: 3504.86 | F11: 3503.68 | G11: =AVERAGE(B11:F11) -> 3504.96 | H11: =ABS(G11-A11) -> 4.96 | I11: =H11/A11*100 -> 0.14171429 | J11: =_xlfn.STDEV.S(B11:F11) -> 1.0501667 | K11: =J11/ABS(G11)*100 -> 0.029962301 | L11: =MAX(B11:F11)-MIN(B11:F11) -> 2.38
A12: 4000 | B12: 4004.64 | C12: 4005.61 | D12: 4004.08 | E12: 4005.73 | F12: 4001.84 | G12: =AVERAGE(B12:F12) -> 4004.38 | H12: =ABS(G12-A12) -> 4.38 | I12: =H12/A12*100 -> 0.1095 | J12: =_xlfn.STDEV.S(B12:F12) -> 1.576753 | K12: =J12/ABS(G12)*100 -> 0.039375708 | L12: =MAX(B12:F12)-MIN(B12:F12) -> 3.89
A13: 4500 | B13: 4501.55 | C13: 4502.84 | D13: 4506.51 | E13: 4505.14 | F13: 4503.94 | G13: =AVERAGE(B13:F13) -> 4503.996 | H13: =ABS(G13-A13) -> 3.996 | I13: =H13/A13*100 -> 0.0888 | J13: =_xlfn.STDEV.S(B13:F13) -> 1.9333468 | K13: =J13/ABS(G13)*100 -> 0.042925146 | L13: =MAX(B13:F13)-MIN(B13:F13) -> 4.96
A14: 5000 | B14: 5005.5 | C14: 5005.19 | D14: 5005.87 | E14: 5004.6 | F14: 5004.95 | G14: =AVERAGE(B14:F14) -> 5005.222 | H14: =ABS(G14-A14) -> 5.222 | I14: =H14/A14*100 -> 0.10444 | J14: =_xlfn.STDEV.S(B14:F14) -> 0.48966315 | K14: =J14/ABS(G14)*100 -> 0.0097830456 | L14: =MAX(B14:F14)-MIN(B14:F14) -> 1.27

Sheet 整机稳定性
A1: 整机连续运行与数据完整性——处理后结果
A4: 测试编号 | B4: 日期 | C4: 运行时长(min) | D4: 采样频率(Hz) | E4: 理论采样数 | F4: 实际有效采样数 | G4: 完整率% | H4: 丢包数 | I4: 异常重启次数 | J4: 传感器掉线次数 | K4: 最长连续缺失(s) | L4: 数据文件是否完整 | M4: 结论 | N4: 备注 | P4: KPI | Q4: 结果 | S4: 判定
A5: RUN01 | B5: 46292 | C5: 30 | D5: 1 | E5: =C5*60*D5 -> 1800 | F5: 1795 | G5: =F5/E5*100 -> 99.722222 | H5: 5 | I5: 0 | J5: — | K5: 5 | L5: 是 | M5: 已完成 | P5: 最长运行时长(min) | Q5: =MAX(C5:C14) -> 480 | S5: =IF(Q5="","",IF(Q5>=120,"很好",IF(Q5>=60,"可用","不足"))) -> 很好
A6: RUN02 | B6: 46292 | C6: 60 | D6: 1 | E6: =C6*60*D6 -> 3600 | F6: 3595 | G6: =F6/E6*100 -> 99.861111 | H6: 5 | I6: 0 | J6: — | K6: 5 | L6: 是 | M6: 已完成 | P6: 最低完整率% | Q6: =MIN(G5:G14) -> 99.722222 | S6: =IF(Q6="","",IF(Q6>99,"达标","复查")) -> 达标
A7: RUN03 | B7: 46292 | C7: 90 | D7: 1 | E7: =C7*60*D7 -> 5400 | F7: 5394 | G7: =F7/E7*100 -> 99.888889 | H7: 5 | I7: 0 | J7: — | K7: 5 | L7: 是 | M7: 已完成 | P7: 总异常重启次数 | Q7: =I14 -> 0 | S7: =IF(Q7=0,"达标","复查") -> 达标
A8: RUN04 | B8: 46292 | C8: 120 | D8: 1 | E8: =C8*60*D8 -> 7200 | F8: 7194 | G8: =F8/E8*100 -> 99.916667 | H8: 5 | I8: 0 | J8: — | K8: 5 | L8: 是 | M8: 已完成 | P8: 总传感器掉线次数 | Q8: — | S8: —
A9: RUN05 | B9: 46292 | C9: 180 | D9: 1 | E9: =C9*60*D9 -> 10800 | F9: 10791 | G9: =F9/E9*100 -> 99.916667 | H9: 8 | I9: 0 | J9: — | K9: 5 | L9: 是 | M9: 已完成 | P9: 最大连续缺失(s) | Q9: =MAX(K5:K14) -> 12 | S9: —
A10: RUN06 | B10: 46292 | C10: 240 | D10: 1 | E10: =C10*60*D10 -> 14400 | F10: 14391 | G10: =F10/E10*100 -> 99.9375 | H10: 8 | I10: 0 | J10: — | K10: 5 | L10: 是 | M10: 已完成
A11: RUN07 | B11: 46292 | C11: 300 | D11: 1 | E11: =C11*60*D11 -> 18000 | F11: 17990 | G11: =F11/E11*100 -> 99.944444 | H11: 8 | I11: 0 | J11: — | K11: 5 | L11: 是 | M11: 已完成
A12: RUN08 | B12: 46292 | C12: 360 | D12: 1 | E12: =C12*60*D12 -> 21600 | F12: 21578 | G12: =F12/E12*100 -> 99.898148 | H12: 20 | I12: 0 | J12: — | K12: 12 | L12: 是 | M12: 已完成
A13: RUN09 | B13: 46292 | C13: 420 | D13: 1 | E13: =C13*60*D13 -> 25200 | F13: 25177 | G13: =F13/E13*100 -> 99.90873 | H13: 20 | I13: 0 | J13: — | K13: 12 | L13: 是 | M13: 已完成
A14: RUN10 | B14: 46292 | C14: 480 | D14: 1 | E14: =C14*60*D14 -> 28800 | F14: 28777 | G14: =F14/E14*100 -> 99.920139 | H14: 20 | I14: 0 | J14: — | K14: 12 | L14: 是 | M14: 已完成

Sheet 联合采集汇总
A1: 多通道联合采集——处理后摘要
A4: 实验编号 | B4: 样品 | C4: 实验时长(min) | D4: 采样频率(Hz) | E4: 电子鼻有效通道数 | F4: 最大VOC响应幅度% | G4: 温度均值(℃) | H4: 湿度均值(%RH) | I4: 初始质量(g) | J4: 结束质量(g) | K4: 质量变化(g) | L4: 相对质量变化% | M4: 理论采样数 | N4: 有效采样数 | O4: 完整率% | P4: 时间同步是否正常 | Q4: 备注
A5: JOINT01 | B5: 凤凰单丛静置 | C5: 12 | D5: 1 | E5: 4 | F5: 58.805659 | G5: 24.700278 | H5: 79.347958 | I5: 4004.705 | J5: 3994.879 | K5: =J5-I5 -> -9.826 | L5: =K5/I5*100 -> -0.24536139 | M5: =C5*60*D5 -> 720 | N5: 720 | O5: =N5/M5*100 -> 100 | P5: 是
A6: JOINT02 | B6: 凤凰单丛静置 | C6: 12 | D6: 1 | E6: 4 | F6: 27.821843 | G6: 24.892056 | H6: 79.535902 | I6: 3994.879 | J6: 3983.585 | K6: =J6-I6 -> -11.294 | L6: =K6/I6*100 -> -0.28271194 | M6: =C6*60*D6 -> 720 | N6: 715 | O6: =N6/M6*100 -> 99.305556 | P6: 是
A7: JOINT03 | B7: 凤凰单丛静置 | C7: 12 | D7: 1 | E7: 4 | F7: 46.056719 | G7: 25.070181 | H7: 79.655625 | I7: 3983.585 | J7: 3975.331 | K7: =J7-I7 -> -8.254 | L7: =K7/I7*100 -> -0.2072003 | M7: =C7*60*D7 -> 720 | N7: 720 | O7: =N7/M7*100 -> 100 | P7: 是
A8: JOINT04 | B8: 凤凰单丛静置 | C8: 12 | D8: 1 | E8: 4 | F8: 58.115993 | G8: 25.2275 | H8: 79.695722 | I8: 3975.331 | J8: 3965.122 | K8: =J8-I8 -> -10.209 | L8: =K8/I8*100 -> -0.2568088 | M8: =C8*60*D8 -> 720 | N8: 720 | O8: =N8/M8*100 -> 100 | P8: 是
A9: JOINT05 | B9: 凤凰单丛静置 | C9: 12 | D9: 1 | E9: 4 | F9: 29.317423 | G9: 25.366708 | H9: 79.613597 | I9: 3965.122 | J9: 3954.94 | K9: =J9-I9 -> -10.182 | L9: =K9/I9*100 -> -0.25678907 | M9: =C9*60*D9 -> 720 | N9: 720 | O9: =N9/M9*100 -> 100 | P9: 是
A10: JOINT06 | B10: 凤凰单丛静置 | C10: 12 | D10: 1 | E10: 4 | F10: 51.675495 | G10: 25.481278 | H10: 79.404347 | I10: 3954.94 | J10: 3945.892 | K10: =J10-I10 -> -9.048 | L10: =K10/I10*100 -> -0.22877717 | M10: =C10*60*D10 -> 720 | N10: 720 | O10: =N10/M10*100 -> 100 | P10: 是
A11: JOINT07 | B11: 凤凰单丛静置 | C11: 12 | D11: 1 | E11: 4 | F11: 61.547385 | G11: 25.578428 | H11: 79.091057 | I11: 3945.892 | J11: 3935.004 | K11: =J11-I11 -> -10.888 | L11: =K11/I11*100 -> -0.27593254 | M11: =C11*60*D11 -> 720 | N11: 719 | O11: =N11/M11*100 -> 99.861111 | P11: 是
A12: JOINT08 | B12: 凤凰单丛静置 | C12: 12 | D12: 1 | E12: 4 | F12: 30.706683 | G12: 25.643625 | H12: 78.665486 | I12: 3935.004 | J12: 3925.608 | K12: =J12-I12 -> -9.396 | L12: =K12/I12*100 -> -0.23877994 | M12: =C12*60*D12 -> 720 | N12: 720 | O12: =N12/M12*100 -> 100 | P12: 是
A13: JOINT09 | B13: 凤凰单丛静置 | C13: 12 | D13: 1 | E13: 4 | F13: 56.059685 | G13: 25.692167 | H13: 78.129292 | I13: 3925.608 | J13: 3916.438 | K13: =J13-I13 -> -9.17 | L13: =K13/I13*100 -> -0.23359439 | M13: =C13*60*D13 -> 720 | N13: 720 | O13: =N13/M13*100 -> 100 | P13: 是
A14: JOINT10 | B14: 凤凰单丛静置 | C14: 12 | D14: 1 | E14: 4 | F14: 64.24611 | G14: 25.721222 | H14: 77.504986 | I14: 3916.438 | J14: 3906.172 | K14: =J14-I14 -> -10.266 | L14: =K14/I14*100 -> -0.26212594 | M14: =C14*60*D14 -> 720 | N14: 720 | O14: =N14/M14*100 -> 100 | P14: 是

Sheet 申报材料摘要
A1: 用于三份申报材料与PPT的最终数据摘录
A3: 类别 | B3: 推荐写入指标 | C3: 最终数值 | D3: 单位 | E3: 是否可写
A4: 电子鼻 | B4: 同一样品重复测试最大/平均CV | C4: 8.19 / 6.18 | D4: % | E4: 否
A5: 电子鼻 | B5: 典型通道最大归一化响应幅度 | C5: =MAX(电子鼻_处理结果!G5:G8) -> 67.363817 | D5: % | E5: 否
A6: SHT31 | B6: 连续运行时长 | C6: =SHT31_处理结果!T8 -> 30 | D6: min | E6: 否
A7: SHT31 | B7: 最大温度误差 | C7: =SHT31_处理结果!T6 -> 0.19741968 | D7: ℃ | E7: 否
A8: SHT31 | B8: 最大湿度误差 | C8: =SHT31_处理结果!T7 -> 1.5057278 | D8: %RH | E8: 否
A9: HX711 | B9: 平均相对误差 | C9: =HX711_标定结果!P5 -> 0.1617781 | D9: % | E9: 否
A10: HX711 | B10: 线性R² | C10: =HX711_标定结果!P8 -> 0.99999986 | D10: 无量纲 | E10: 否
A11: 整机 | B11: 连续运行时长 | C11: =整机稳定性!Q5 -> 480 | D11: min | E11: 否
A12: 整机 | B12: 数据完整率 | C12: =整机稳定性!G14 -> 99.920139 | D12: % | E12: 否
A13: 整机 | B13: 异常重启次数 | C13: =整机稳定性!Q7 -> 0 | D13: 次 | E13: 否
A14: 联合采集 | B14: 联合采集时长 | C14: =SUM(联合采集汇总!C5:C14) -> 120 | D14: min | E14: 否
